model,Recall@10,MAP@10,NDCG@10,HitRate@10
ALS,0.093735,0.048661,0.063828,0.127886
User History plus Popular,0.030382,0.01998,0.023804,0.039004
