{
    "study_name": "amazon_ranker_lgbm_ap",
    "direction": "MAXIMIZE",
    "n_trials": 50,
    "best_value": 0.036524289864686574,
    "best_params": {
        "n_estimators": 893,
        "learning_rate": 0.0010239093867310469,
        "num_leaves": 52,
        "max_depth": 7,
        "min_child_samples": 119,
        "subsample": 0.6969382190529916,
        "subsample_freq": 6,
        "colsample_bytree": 0.8113829302420406,
        "reg_alpha": 0.9406230747221032,
        "reg_lambda": 7.523716709982526,
        "min_split_gain": 0.0661479017363921
    },
    "best_trial_number": 41,
    "best_trial_user_attrs": {
        "best_iteration": 709,
        "valid_roc_auc": 0.9387161123340422
    },
    "final_valid_ap": 0.036524289864686574,
    "final_valid_roc_auc": 0.9387161123340422
}