{
    "study_name": "amazon_two_stage_ranker_ndcg10",
    "direction": "MAXIMIZE",
    "n_trials": 50,
    "best_value": 0.2794365322117877,
    "best_params": {
        "n_estimators": 285,
        "learning_rate": 0.0012863499499178993,
        "num_leaves": 86,
        "max_depth": 12,
        "min_child_samples": 46,
        "subsample": 0.7682387155125915,
        "subsample_freq": 5,
        "colsample_bytree": 0.8446093188651126,
        "reg_alpha": 8.077295654419593e-05,
        "reg_lambda": 0.00014862277634724149,
        "min_split_gain": 0.08222893955373459
    },
    "best_trial_number": 26,
    "best_trial_user_attrs": {
        "best_iteration": 64,
        "Recall@10": 0.31492140014247605,
        "MAP@10": 0.24855935127674259,
        "NDCG@10": 0.2794365322117877,
        "HitRate@10": 0.422360248447205
    },
    "final_metrics": {
        "Recall@10": 0.31492140014247605,
        "MAP@10": 0.24855935127674259,
        "NDCG@10": 0.2794365322117877,
        "HitRate@10": 0.422360248447205
    }
}